<cacti>	
	<hash_00001281d19d72a2053c6197e89b69b56983cb>
		<name>Host MIB - hrStorageTable</name>
		<graph>
			<t_title>on</t_title>
			<title>|host_description| - hrStoragetable</title>
			<t_image_format_id></t_image_format_id>
			<image_format_id>1</image_format_id>
			<t_height></t_height>
			<height>120</height>
			<t_width></t_width>
			<width>500</width>
			<t_auto_scale></t_auto_scale>
			<auto_scale>on</auto_scale>
			<t_auto_scale_opts></t_auto_scale_opts>
			<auto_scale_opts>2</auto_scale_opts>
			<t_auto_scale_log></t_auto_scale_log>
			<auto_scale_log></auto_scale_log>
			<t_auto_scale_rigid></t_auto_scale_rigid>
			<auto_scale_rigid></auto_scale_rigid>
			<t_auto_padding></t_auto_padding>
			<auto_padding>on</auto_padding>
			<t_export></t_export>
			<export>on</export>
			<t_upper_limit></t_upper_limit>
			<upper_limit>100</upper_limit>
			<t_lower_limit></t_lower_limit>
			<lower_limit>0</lower_limit>
			<t_base_value></t_base_value>
			<base_value>1024</base_value>
			<t_unit_value></t_unit_value>
			<unit_value></unit_value>
			<t_unit_exponent_value></t_unit_exponent_value>
			<unit_exponent_value></unit_exponent_value>
			<t_vertical_label></t_vertical_label>
			<vertical_label>Bytes</vertical_label>
		</graph>
		<items>
			<hash_100012d4898ad1298712ed06c55c094958fcf7>
				<task_item_id>hash_0800129546b1a8a1baa9b291ac63c698068758</task_item_id>
				<color_id>0000FF</color_id>
				<graph_type_id>7</graph_type_id>
				<consolidation_function_id>1</consolidation_function_id>
				<cdef_id>hash_050012942e6b8bc34e70c4ee678422800b3a8a</cdef_id>
				<value></value>
				<gprint_id>hash_060012e9c43831e54eca8069317a2ce8c6f751</gprint_id>
				<text_format>Total Size (Bytes)</text_format>
				<hard_return></hard_return>
				<sequence>1</sequence>
			</hash_100012d4898ad1298712ed06c55c094958fcf7>
			<hash_100012b289b12491ce95f77b589c9cfc01a16f>
				<task_item_id>hash_0800129546b1a8a1baa9b291ac63c698068758</task_item_id>
				<color_id>0</color_id>
				<graph_type_id>9</graph_type_id>
				<consolidation_function_id>4</consolidation_function_id>
				<cdef_id>hash_050012942e6b8bc34e70c4ee678422800b3a8a</cdef_id>
				<value></value>
				<gprint_id>hash_060012e9c43831e54eca8069317a2ce8c6f751</gprint_id>
				<text_format>Current:</text_format>
				<hard_return></hard_return>
				<sequence>2</sequence>
			</hash_100012b289b12491ce95f77b589c9cfc01a16f>
			<hash_100012b0e20559d96e89c1788afd3b47bae5b3>
				<task_item_id>hash_0800129546b1a8a1baa9b291ac63c698068758</task_item_id>
				<color_id>0</color_id>
				<graph_type_id>9</graph_type_id>
				<consolidation_function_id>1</consolidation_function_id>
				<cdef_id>hash_050012942e6b8bc34e70c4ee678422800b3a8a</cdef_id>
				<value></value>
				<gprint_id>hash_060012e9c43831e54eca8069317a2ce8c6f751</gprint_id>
				<text_format>Average:</text_format>
				<hard_return></hard_return>
				<sequence>3</sequence>
			</hash_100012b0e20559d96e89c1788afd3b47bae5b3>
			<hash_100012401581146efdac918595285c287a3455>
				<task_item_id>hash_0800129546b1a8a1baa9b291ac63c698068758</task_item_id>
				<color_id>0</color_id>
				<graph_type_id>9</graph_type_id>
				<consolidation_function_id>3</consolidation_function_id>
				<cdef_id>hash_050012942e6b8bc34e70c4ee678422800b3a8a</cdef_id>
				<value></value>
				<gprint_id>hash_060012e9c43831e54eca8069317a2ce8c6f751</gprint_id>
				<text_format>Maximum:</text_format>
				<hard_return>on</hard_return>
				<sequence>4</sequence>
			</hash_100012401581146efdac918595285c287a3455>
			<hash_100012f4950468cc4ebca02bcc00020ccfad36>
				<task_item_id>hash_080012896834ad97fa83058f6fe60fdb732c2c</task_item_id>
				<color_id>FF0000</color_id>
				<graph_type_id>7</graph_type_id>
				<consolidation_function_id>1</consolidation_function_id>
				<cdef_id>hash_050012942e6b8bc34e70c4ee678422800b3a8a</cdef_id>
				<value></value>
				<gprint_id>hash_060012e9c43831e54eca8069317a2ce8c6f751</gprint_id>
				<text_format>Used Size (Bytes)</text_format>
				<hard_return></hard_return>
				<sequence>5</sequence>
			</hash_100012f4950468cc4ebca02bcc00020ccfad36>
			<hash_100012c632f791a68c9fd5e911f0881b4cd5a4>
				<task_item_id>hash_080012896834ad97fa83058f6fe60fdb732c2c</task_item_id>
				<color_id>0</color_id>
				<graph_type_id>9</graph_type_id>
				<consolidation_function_id>4</consolidation_function_id>
				<cdef_id>hash_050012942e6b8bc34e70c4ee678422800b3a8a</cdef_id>
				<value></value>
				<gprint_id>hash_060012e9c43831e54eca8069317a2ce8c6f751</gprint_id>
				<text_format>Current:</text_format>
				<hard_return></hard_return>
				<sequence>6</sequence>
			</hash_100012c632f791a68c9fd5e911f0881b4cd5a4>
			<hash_100012f8ee2b8943ce888799eefc01f1000726>
				<task_item_id>hash_080012896834ad97fa83058f6fe60fdb732c2c</task_item_id>
				<color_id>0</color_id>
				<graph_type_id>9</graph_type_id>
				<consolidation_function_id>1</consolidation_function_id>
				<cdef_id>hash_050012942e6b8bc34e70c4ee678422800b3a8a</cdef_id>
				<value></value>
				<gprint_id>hash_060012e9c43831e54eca8069317a2ce8c6f751</gprint_id>
				<text_format>Average:</text_format>
				<hard_return></hard_return>
				<sequence>7</sequence>
			</hash_100012f8ee2b8943ce888799eefc01f1000726>
			<hash_100012d12172ee3b3937fa35e30c8d4b7f5957>
				<task_item_id>hash_080012896834ad97fa83058f6fe60fdb732c2c</task_item_id>
				<color_id>0</color_id>
				<graph_type_id>9</graph_type_id>
				<consolidation_function_id>3</consolidation_function_id>
				<cdef_id>hash_050012942e6b8bc34e70c4ee678422800b3a8a</cdef_id>
				<value></value>
				<gprint_id>hash_060012e9c43831e54eca8069317a2ce8c6f751</gprint_id>
				<text_format>Maximum:</text_format>
				<hard_return>on</hard_return>
				<sequence>8</sequence>
			</hash_100012d12172ee3b3937fa35e30c8d4b7f5957>
		</items>
		<inputs>
			<hash_0900124bdc30d890fd16c2fabb88497c01b8b1>
				<name>Data Source [hrStorageSize]</name>
				<description></description>
				<column_name>task_item_id</column_name>
				<items>hash_000012d4898ad1298712ed06c55c094958fcf7|hash_000012b289b12491ce95f77b589c9cfc01a16f|hash_000012b0e20559d96e89c1788afd3b47bae5b3|hash_000012401581146efdac918595285c287a3455</items>
			</hash_0900124bdc30d890fd16c2fabb88497c01b8b1>
			<hash_0900123798467b1fd102af2439462a04490848>
				<name>Data Source [hrStorageUsed]</name>
				<description></description>
				<column_name>task_item_id</column_name>
				<items>hash_000012f4950468cc4ebca02bcc00020ccfad36|hash_000012c632f791a68c9fd5e911f0881b4cd5a4|hash_000012f8ee2b8943ce888799eefc01f1000726|hash_000012d12172ee3b3937fa35e30c8d4b7f5957</items>
			</hash_0900123798467b1fd102af2439462a04490848>
		</inputs>
	</hash_00001281d19d72a2053c6197e89b69b56983cb>
	<hash_01001208311a8043f4fe385d64bb81de261f76>
		<name>Host MIB - hrStorageTable</name>
		<ds>
			<t_name>on</t_name>
			<name>|host_description| - hrStorageTable</name>
			<data_input_id>hash_030012bf566c869ac6443b0c75d1c32b5a350e</data_input_id>
			<t_rra_id></t_rra_id>
			<t_rrd_step></t_rrd_step>
			<rrd_step>300</rrd_step>
			<t_active></t_active>
			<active>on</active>
			<rra_items>hash_150012c21df5178e5c955013591239eb0afd46|hash_1500120d9c0af8b8acdc7807943937b3208e29|hash_1500126fc2d038fb42950138b0ce3e9874cc60|hash_150012e36f3adb9f152adfa5dc50fd2b23337e</rra_items>
		</ds>
		<items>
			<hash_0800129546b1a8a1baa9b291ac63c698068758>
				<t_data_source_name></t_data_source_name>
				<data_source_name>hrStorageSize</data_source_name>
				<t_rrd_minimum></t_rrd_minimum>
				<rrd_minimum>0</rrd_minimum>
				<t_rrd_maximum></t_rrd_maximum>
				<rrd_maximum>0</rrd_maximum>
				<t_data_source_type_id></t_data_source_type_id>
				<data_source_type_id>1</data_source_type_id>
				<t_rrd_heartbeat></t_rrd_heartbeat>
				<rrd_heartbeat>600</rrd_heartbeat>
				<t_data_input_field_id></t_data_input_field_id>
				<data_input_field_id>0</data_input_field_id>
			</hash_0800129546b1a8a1baa9b291ac63c698068758>
			<hash_080012896834ad97fa83058f6fe60fdb732c2c>
				<t_data_source_name></t_data_source_name>
				<data_source_name>hrStorageUsed</data_source_name>
				<t_rrd_minimum></t_rrd_minimum>
				<rrd_minimum>0</rrd_minimum>
				<t_rrd_maximum></t_rrd_maximum>
				<rrd_maximum>0</rrd_maximum>
				<t_data_source_type_id></t_data_source_type_id>
				<data_source_type_id>1</data_source_type_id>
				<t_rrd_heartbeat></t_rrd_heartbeat>
				<rrd_heartbeat>600</rrd_heartbeat>
				<t_data_input_field_id></t_data_input_field_id>
				<data_input_field_id>0</data_input_field_id>
			</hash_080012896834ad97fa83058f6fe60fdb732c2c>
		</items>
		<data>
			<item_000>
				<data_input_field_id>hash_070012617cdc8a230615e59f06f361ef6e7728</data_input_field_id>
				<t_value></t_value>
				<value></value>
			</item_000>
			<item_001>
				<data_input_field_id>hash_070012acb449d1451e8a2a655c2c99d31142c7</data_input_field_id>
				<t_value></t_value>
				<value></value>
			</item_001>
			<item_002>
				<data_input_field_id>hash_070012f4facc5e2ca7ebee621f09bc6d9fc792</data_input_field_id>
				<t_value></t_value>
				<value></value>
			</item_002>
			<item_003>
				<data_input_field_id>hash_0700121cc1493a6781af2c478fa4de971531cf</data_input_field_id>
				<t_value></t_value>
				<value></value>
			</item_003>
			<item_004>
				<data_input_field_id>hash_070012b5c23f246559df38662c255f4aa21d6b</data_input_field_id>
				<t_value></t_value>
				<value></value>
			</item_004>
			<item_005>
				<data_input_field_id>hash_0700126027a919c7c7731fbe095b6f53ab127b</data_input_field_id>
				<t_value>on</t_value>
				<value></value>
			</item_005>
			<item_006>
				<data_input_field_id>hash_070012cbbe5c1ddfb264a6e5d509ce1c78c95f</data_input_field_id>
				<t_value>on</t_value>
				<value></value>
			</item_006>
			<item_007>
				<data_input_field_id>hash_070012e6deda7be0f391399c5130e7c4a48b28</data_input_field_id>
				<t_value>on</t_value>
				<value></value>
			</item_007>
		</data>
	</hash_01001208311a8043f4fe385d64bb81de261f76>
	<hash_030012bf566c869ac6443b0c75d1c32b5a350e>
		<name>Get SNMP Data (Indexed)</name>
		<type_id>3</type_id>
		<input_string></input_string>
		<fields>
			<hash_070012617cdc8a230615e59f06f361ef6e7728>
				<name>SNMP IP Address</name>
				<update_rra></update_rra>
				<regexp_match></regexp_match>
				<allow_nulls></allow_nulls>
				<type_code>hostname</type_code>
				<input_output>in</input_output>
				<data_name>management_ip</data_name>
			</hash_070012617cdc8a230615e59f06f361ef6e7728>
			<hash_070012acb449d1451e8a2a655c2c99d31142c7>
				<name>SNMP Community</name>
				<update_rra></update_rra>
				<regexp_match></regexp_match>
				<allow_nulls></allow_nulls>
				<type_code>snmp_community</type_code>
				<input_output>in</input_output>
				<data_name>snmp_community</data_name>
			</hash_070012acb449d1451e8a2a655c2c99d31142c7>
			<hash_070012f4facc5e2ca7ebee621f09bc6d9fc792>
				<name>SNMP Username (v3)</name>
				<update_rra></update_rra>
				<regexp_match></regexp_match>
				<allow_nulls>on</allow_nulls>
				<type_code>snmp_username</type_code>
				<input_output>in</input_output>
				<data_name>snmp_username</data_name>
			</hash_070012f4facc5e2ca7ebee621f09bc6d9fc792>
			<hash_0700121cc1493a6781af2c478fa4de971531cf>
				<name>SNMP Password (v3)</name>
				<update_rra></update_rra>
				<regexp_match></regexp_match>
				<allow_nulls>on</allow_nulls>
				<type_code>snmp_password</type_code>
				<input_output>in</input_output>
				<data_name>snmp_password</data_name>
			</hash_0700121cc1493a6781af2c478fa4de971531cf>
			<hash_070012b5c23f246559df38662c255f4aa21d6b>
				<name>SNMP Version (1, 2, or 3)</name>
				<update_rra></update_rra>
				<regexp_match></regexp_match>
				<allow_nulls></allow_nulls>
				<type_code>snmp_version</type_code>
				<input_output>in</input_output>
				<data_name>snmp_version</data_name>
			</hash_070012b5c23f246559df38662c255f4aa21d6b>
			<hash_0700126027a919c7c7731fbe095b6f53ab127b>
				<name>Index Type</name>
				<update_rra></update_rra>
				<regexp_match></regexp_match>
				<allow_nulls></allow_nulls>
				<type_code>index_type</type_code>
				<input_output>in</input_output>
				<data_name>index_type</data_name>
			</hash_0700126027a919c7c7731fbe095b6f53ab127b>
			<hash_070012cbbe5c1ddfb264a6e5d509ce1c78c95f>
				<name>Index Value</name>
				<update_rra></update_rra>
				<regexp_match></regexp_match>
				<allow_nulls></allow_nulls>
				<type_code>index_value</type_code>
				<input_output>in</input_output>
				<data_name>index_value</data_name>
			</hash_070012cbbe5c1ddfb264a6e5d509ce1c78c95f>
			<hash_070012e6deda7be0f391399c5130e7c4a48b28>
				<name>Output Type ID</name>
				<update_rra></update_rra>
				<regexp_match></regexp_match>
				<allow_nulls></allow_nulls>
				<type_code>output_type</type_code>
				<input_output>in</input_output>
				<data_name>output_type</data_name>
			</hash_070012e6deda7be0f391399c5130e7c4a48b28>
			<hash_070012c1f36ee60c3dc98945556d57f26e475b>
				<name>SNMP Port</name>
				<update_rra></update_rra>
				<regexp_match></regexp_match>
				<allow_nulls></allow_nulls>
				<type_code>snmp_port</type_code>
				<input_output>in</input_output>
				<data_name>snmp_port</data_name>
			</hash_070012c1f36ee60c3dc98945556d57f26e475b>
		</fields>
	</hash_030012bf566c869ac6443b0c75d1c32b5a350e>
	<hash_150012c21df5178e5c955013591239eb0afd46>
		<name>Daily (5 Minute Average)</name>
		<x_files_factor>0.5</x_files_factor>
		<steps>1</steps>
		<rows>600</rows>
		<timespan>86400</timespan>
		<cf_items>1|2|3|4</cf_items>
	</hash_150012c21df5178e5c955013591239eb0afd46>
	<hash_1500120d9c0af8b8acdc7807943937b3208e29>
		<name>Weekly (30 Minute Average)</name>
		<x_files_factor>0.5</x_files_factor>
		<steps>6</steps>
		<rows>700</rows>
		<timespan>604800</timespan>
		<cf_items>1|2|3|4</cf_items>
	</hash_1500120d9c0af8b8acdc7807943937b3208e29>
	<hash_1500126fc2d038fb42950138b0ce3e9874cc60>
		<name>Monthly (2 Hour Average)</name>
		<x_files_factor>0.5</x_files_factor>
		<steps>24</steps>
		<rows>775</rows>
		<timespan>2678400</timespan>
		<cf_items>1|2|3|4</cf_items>
	</hash_1500126fc2d038fb42950138b0ce3e9874cc60>
	<hash_150012e36f3adb9f152adfa5dc50fd2b23337e>
		<name>Yearly (1 Day Average)</name>
		<x_files_factor>0.5</x_files_factor>
		<steps>288</steps>
		<rows>797</rows>
		<timespan>33053184</timespan>
		<cf_items>1|2|3|4</cf_items>
	</hash_150012e36f3adb9f152adfa5dc50fd2b23337e>
	<hash_050012942e6b8bc34e70c4ee678422800b3a8a>
		<name>Host MIB - hrStorageTable Units</name>
		<items>
			<hash_14001229946d3f7cdeace179c1651e09f1ddfb>
				<sequence>1</sequence>
				<type>4</type>
				<value>CURRENT_DATA_SOURCE</value>
			</hash_14001229946d3f7cdeace179c1651e09f1ddfb>
			<hash_140012573444fc57ea41880c025c4cbe26862a>
				<sequence>2</sequence>
				<type>6</type>
				<value>|query_hrStorageAllocationUnits|</value>
			</hash_140012573444fc57ea41880c025c4cbe26862a>
			<hash_140012bf5b1875611d5a562cf53f9b258ccf31>
				<sequence>3</sequence>
				<type>2</type>
				<value>3</value>
			</hash_140012bf5b1875611d5a562cf53f9b258ccf31>
		</items>
	</hash_050012942e6b8bc34e70c4ee678422800b3a8a>
	<hash_060012e9c43831e54eca8069317a2ce8c6f751>
		<name>Normal</name>
		<gprint_text>%8.2lf %s</gprint_text>
	</hash_060012e9c43831e54eca8069317a2ce8c6f751>
</cacti>
